Workbook

Sheet meatdata_master
C1: 1 | D1: 2 | E1: 3 | F1: 4 | G1: 5 | H1: 6 | I1: 7 | J1: 8 | K1: 9
B2: Type | C2: Proportion Loss in Human Consumption | D2: Product Weight (kg/animal) | E2: Edible Portion (kg edible/kg animal) | F2: N in Edible Portion (kg N/kg edible) | G2: P in Edible Portion NAPI (kg P/kg edible) | H2: P in Edible Portion de Vries (kg P/kg edible) | I2: kcal/kg edible portion | J2: g protein/kg edible portion | K2: g protein/kg edible portion | L2: <adapted from de Vries 2010 or left the same, assumed Turkey was also 190 g/kg.
A3: 1 | B3: beef | C3: 0.1 | D3: 463 | E3: 0.422 | F3: 0.048 | G3: 0.00198 | H3: =K3*$E17 -> 0.001425 | I3: 2910 | J3: 173.2 | K3: 190
A4: 2 | B4: dairy | C4: 0.1 | D4: 10068.67 | E4: 1 | F4: 0.00496 | G4: 0.00091 | H4: =K4*$E18 -> 0.00089145 | I4: 610 | J4: 31.5 | K4: 31.5
A5: 3 | B5: pigs/hogs | C5: 0.1 | D5: 112 | E5: 0.536 | F5: 0.01792 | G5: 0.00209 | H5: =K5*$E19 -> 0.001767 | I5: 4720 | J5: 139.2 | K5: 190
A6: 4 | B6: sheep | C6: 0.1 | D6: 44.6 | E6: 0.498 | F6: 0.048 | G6: 0.00189 | H6: =K6*$E20 -> 0.00106344 | I6: 2670 | J6: 168.8 | K6: 168.8
A7: 5 | B7: horse | C7: 0.1 | D7: 0 | E7: 0 | F7: 0 | G7: 0 | H7: =K7*$E21 -> 0 | I7: 0 | J7: 0 | K7: 0
A8: 6 | B8: layers | C8: 0.1 | D8: 14.5 | E8: 0.89 | F8: 0.0176 | G8: 0.00015 | H8: =K8*$E22 -> 0.00168304 | I8: 1430 | J8: 125.6 | K8: 125.6
A9: 7 | B9: broilers | C9: 0.1 | D9: 1.71 | E9: 0.69 | F9: 0.0171 | G9: 0.00149 | H9: =K9*$E23 -> 0.001425 | I9: 2130 | J9: 183.3 | K9: 190
A10: 8 | B10: turkey | C10: 0.1 | D10: 8.51 | E10: 0.79 | F10: 0.0293 | G10: 0.0018 | H10: =K10*$E24 -> 0.001425 | I10: 1570 | J10: 203.7 | K10: 190
A11: 9 | B11: goats | C11: 0.1 | D11: 45.454545 | E11: 0.498 | F11: 0.032960529 | G11: =J11*$E25 -> 0.001545 | H11: =K11*$E25 -> 0.001545 | I11: 1090 | J11: 206 | K11: 206
B16: Type | C16: mg P/g protein | D16: Source: Kalantar-Zadeh 2010 | E16: kg P/g protein
B17: beef | C17: 7.5 | E17: =C17/10^6 -> 7.5e-06 | F17: beef | G17: 0.198 | H17: =G17/100 -> 0.00198
B18: dairy | C18: 28.3 | E18: =C18/10^6 -> 2.83e-05 | F18: dairy | G18: 0.091 | H18: =G18/100 -> 0.00091
B19: pigs/hogs | C19: 9.3 | E19: =C19/10^6 -> 9.3e-06 | F19: pigs/hogs | G19: 0.209 | H19: =G19/100 -> 0.00209
B20: sheep | C20: 6.3 | E20: =C20/10^6 -> 6.3e-06 | F20: sheep | G20: 0.189 | H20: =G20/100 -> 0.00189
B21: horse | C21: 0 | E21: =C21/10^6 -> 0 | F21: horse | G21: 0 | H21: =G21/100 -> 0
B22: layers | C22: 13.4 | E22: =C22/10^6 -> 1.34e-05 | F22: layers | G22: 0.015 | H22: =G22/100 -> 0.00015
B23: broilers | C23: 7.5 | E23: =C23/10^6 -> 7.5e-06 | F23: broilers | G23: 0.149 | H23: =G23/100 -> 0.00149
B24: turkey | C24: 7.5 | E24: =C24/10^6 -> 7.5e-06 | F24: turkey | G24: 0.18 | H24: =G24/100 -> 0.0018
B25: goats | C25: 7.5 | D25: <<assumed | E25: =C25/10^6 -> 7.5e-06 | F25: goats
B28: Han et al
B29: Livestock product | C29: P in edible portion (%)
B30: beef | C30: 0.198
B31: veal | C31: 0.211
B32: pork | C32: 0.209
B33: lamb | C33: 0.189
B34: chicken | C34: 0.181
B35: egg | C35: 0.015
B36: broiler | C36: 0.149
B37: turkey | C37: 0.18
B38: milk | C38: 0.091

Sheet meatdata
A1: =meatdata_master!C3 -> 0.1 | B1: =meatdata_master!D3 -> 463 | C1: =meatdata_master!E3 -> 0.422 | D1: =meatdata_master!F3 -> 0.048 | E1: =meatdata_master!G3 -> 0.00198 | F1: =meatdata_master!H3 -> 0.001425 | G1: =meatdata_master!I3 -> 2910 | H1: =meatdata_master!J3 -> 173.2 | I1: =meatdata_master!K3 -> 190
A2: =meatdata_master!C4 -> 0.1 | B2: =meatdata_master!D4 -> 10068.67 | C2: =meatdata_master!E4 -> 1 | D2: =meatdata_master!F4 -> 0.00496 | E2: =meatdata_master!G4 -> 0.00091 | F2: =meatdata_master!H4 -> 0.00089145 | G2: =meatdata_master!I4 -> 610 | H2: =meatdata_master!J4 -> 31.5 | I2: =meatdata_master!K4 -> 31.5
A3: =meatdata_master!C5 -> 0.1 | B3: =meatdata_master!D5 -> 112 | C3: =meatdata_master!E5 -> 0.536 | D3: =meatdata_master!F5 -> 0.01792 | E3: =meatdata_master!G5 -> 0.00209 | F3: =meatdata_master!H5 -> 0.001767 | G3: =meatdata_master!I5 -> 4720 | H3: =meatdata_master!J5 -> 139.2 | I3: =meatdata_master!K5 -> 190
A4: =meatdata_master!C6 -> 0.1 | B4: =meatdata_master!D6 -> 44.6 | C4: =meatdata_master!E6 -> 0.498 | D4: =meatdata_master!F6 -> 0.048 | E4: =meatdata_master!G6 -> 0.00189 | F4: =meatdata_master!H6 -> 0.00106344 | G4: =meatdata_master!I6 -> 2670 | H4: =meatdata_master!J6 -> 168.8 | I4: =meatdata_master!K6 -> 168.8
A5: =meatdata_master!C7 -> 0.1 | B5: =meatdata_master!D7 -> 0 | C5: =meatdata_master!E7 -> 0 | D5: =meatdata_master!F7 -> 0 | E5: =meatdata_master!G7 -> 0 | F5: =meatdata_master!H7 -> 0 | G5: =meatdata_master!I7 -> 0 | H5: =meatdata_master!J7 -> 0 | I5: =meatdata_master!K7 -> 0
A6: =meatdata_master!C8 -> 0.1 | B6: =meatdata_master!D8 -> 14.5 | C6: =meatdata_master!E8 -> 0.89 | D6: =meatdata_master!F8 -> 0.0176 | E6: =meatdata_master!G8 -> 0.00015 | F6: =meatdata_master!H8 -> 0.00168304 | G6: =meatdata_master!I8 -> 1430 | H6: =meatdata_master!J8 -> 125.6 | I6: =meatdata_master!K8 -> 125.6
A7: =meatdata_master!C9 -> 0.1 | B7: =meatdata_master!D9 -> 1.71 | C7: =meatdata_master!E9 -> 0.69 | D7: =meatdata_master!F9 -> 0.0171 | E7: =meatdata_master!G9 -> 0.00149 | F7: =meatdata_master!H9 -> 0.001425 | G7: =meatdata_master!I9 -> 2130 | H7: =meatdata_master!J9 -> 183.3 | I7: =meatdata_master!K9 -> 190
A8: =meatdata_master!C10 -> 0.1 | B8: =meatdata_master!D10 -> 8.51 | C8: =meatdata_master!E10 -> 0.79 | D8: =meatdata_master!F10 -> 0.0293 | E8: =meatdata_master!G10 -> 0.0018 | F8: =meatdata_master!H10 -> 0.001425 | G8: =meatdata_master!I10 -> 1570 | H8: =meatdata_master!J10 -> 203.7 | I8: =meatdata_master!K10 -> 190
A9: =meatdata_master!C11 -> 0.1 | B9: =meatdata_master!D11 -> 45.454545 | C9: =meatdata_master!E11 -> 0.498 | D9: =meatdata_master!F11 -> 0.032960529 | E9: =meatdata_master!G11 -> 0.001545 | F9: =meatdata_master!H11 -> 0.001545 | G9: =meatdata_master!I11 -> 1090 | H9: =meatdata_master!J11 -> 206 | I9: =meatdata_master!K11 -> 206

Sheet meatdata_key
B1: Proportion Loss in Human Consumption | C1: Product Weight (kg/animal) | D1: Edible Portion (kg edible/kg animal) | E1: N in Edible Portion (kg N/kg edible) | F1: P in Edible Portion (kg P/kg edible) | G1: P in Edible Portion de Vries (kg P/kg edible) | H1: kcal/kg edible portion | I1: g protein/kg edible portion | J1: g protein/kg edible portion de Vries
A2: beef
A3: dairy
A4: pigs/hogs
A5: sheep
A6: horse
A7: layers
A8: broilers
A9: turkey
A10: goats
